ITEM_CODE,BRAND_NAME,GENERIC_SALT_COMPOSITION,STRENGTH,DOSAGE_FORM,CATEGORY,PACK_CONFIGURATION,PACK_UNITS,MANUFACTURER_COMPANY,MRP_INR,PTR_INR_COST,HSN_CODE,GST_RATE_PERCENT,SCHEDULE_DRUG_TYPE,EAN_BARCODE,JAN_AUSHADHI_EQUIVALENT_TITLE,JAN_AUSHADHI_MRP_INR,JAN_AUSHADHI_SAVINGS_PERCENT
"MED-DOLO-650","Dolo 650","Paracetamol 650mg","650 mg","TABLET","ANALGESIC","Strip of 15 Tablets",15,"Micro Labs Ltd",34.50,22.00,"30049060",12,"OTC","8901234500011","Paracetamol Tablets IP 650mg (PMBJP)",14.00,"59%"
"MED-CALPOL-500","Calpol 500","Paracetamol 500mg","500 mg","TABLET","ANALGESIC","Strip of 15 Tablets",15,"GlaxoSmithKline Pharmaceuticals Ltd",18.00,12.00,"30049060",12,"OTC","8901234500028","",,""
"MED-CALPOL-650","Calpol 650","Paracetamol 650mg","650 mg","TABLET","ANALGESIC","Strip of 15 Tablets",15,"GlaxoSmithKline Pharmaceuticals Ltd",33.80,21.50,"30049060",12,"OTC","8901234500029","",,""
"MED-COMBIFLAM","Combiflam","Ibuprofen 400mg + Paracetamol 325mg","400mg + 325mg","TABLET","ANALGESIC","Strip of 20 Tablets",20,"Sanofi India Ltd",48.00,32.00,"30049060",12,"SCHEDULE_H","8901234500035","Ibuprofen 400mg + Paracetamol 325mg (PMBJP)",16.00,"67%"
"MED-MEFTAL-SPAS","Meftal-Spas","Mefenamic Acid 250mg + Dicyclomine HCl 10mg","250mg + 10mg","TABLET","ANALGESIC","Strip of 10 Tablets",10,"Blue Cross Laboratories Ltd",52.00,35.00,"30049060",12,"SCHEDULE_H","8901234500042","",,""
"MED-MEFTAL-500","Meftal 500","Mefenamic Acid 500mg","500 mg","TABLET","ANALGESIC","Strip of 10 Tablets",10,"Blue Cross Laboratories Ltd",38.00,25.00,"30049060",12,"SCHEDULE_H","8901234500043","",,""
"MED-ZERODOL-SP","Zerodol-SP","Aceclofenac 100mg + Paracetamol 325mg + Serratiopeptidase 15mg","100mg + 325mg + 15mg","TABLET","ANALGESIC","Strip of 10 Tablets",10,"Ipca Laboratories Ltd",124.00,85.00,"30049060",12,"SCHEDULE_H","8901234500059","Aceclofenac + Paracetamol + Serratiopeptidase (PMBJP)",32.00,"74%"
"MED-ZERODOL-P","Zerodol-P","Aceclofenac 100mg + Paracetamol 325mg","100mg + 325mg","TABLET","ANALGESIC","Strip of 10 Tablets",10,"Ipca Laboratories Ltd",68.00,46.00,"30049060",12,"SCHEDULE_H","8901234500060","",,""
"MED-ZERODOL-TH4","Zerodol-TH 4","Aceclofenac 100mg + Thiocolchicoside 4mg","100mg + 4mg","TABLET","ANALGESIC","Strip of 10 Tablets",10,"Ipca Laboratories Ltd",215.00,152.00,"30049060",12,"SCHEDULE_H","8901234500061","",,""
"MED-VOVERAN-50","Voveran 50","Diclofenac Sodium 50mg","50 mg","TABLET","ANALGESIC","Strip of 15 Tablets",15,"Novartis India Ltd",44.00,30.00,"30049060",12,"SCHEDULE_H","8901234500062","",,""
"MED-ULTRACET","Ultracet","Tramadol HCl 37.5mg + Paracetamol 325mg","37.5mg + 325mg","TABLET","ANALGESIC","Strip of 15 Tablets",15,"Janssen / Johnson & Johnson",260.00,185.00,"30049060",12,"SCHEDULE_H1","8901234500063","Tramadol + Paracetamol Tablets (PMBJP)",55.00,"79%"
"MED-PAN-D","Pan-D","Pantoprazole 40mg + Domperidone 30mg SR","40mg + 30mg","CAPSULE","GASTROINTESTINAL","Strip of 15 Capsules",15,"Alkem Laboratories Ltd",219.00,148.00,"30049099",12,"SCHEDULE_H","8901234500066","Pantoprazole 40mg + Domperidone 30mg SR (PMBJP)",45.00,"79%"
"MED-PAN-40","Pan 40","Pantoprazole Sodium 40mg","40 mg","TABLET","GASTROINTESTINAL","Strip of 15 Tablets",15,"Alkem Laboratories Ltd",155.00,102.00,"30049099",12,"SCHEDULE_H","8901234500067","",,""
"MED-PANTOCID-40","Pantocid 40","Pantoprazole Sodium 40mg","40 mg","TABLET","GASTROINTESTINAL","Strip of 15 Tablets",15,"Sun Pharmaceutical Industries Ltd",165.00,110.00,"30049099",12,"SCHEDULE_H","8901234500073","",,""
"MED-PANTOCID-DSR","Pantocid-DSR","Pantoprazole 40mg + Domperidone 30mg SR","40mg + 30mg","CAPSULE","GASTROINTESTINAL","Strip of 15 Capsules",15,"Sun Pharmaceutical Industries Ltd",242.00,165.00,"30049099",12,"SCHEDULE_H","8901234500074","",,""
"MED-RANTAC-150","Rantac 150","Ranitidine Hydrochloride 150mg","150 mg","TABLET","GASTROINTESTINAL","Strip of 30 Tablets",30,"J.B. Chemicals & Pharmaceuticals Ltd",46.00,30.00,"30049099",12,"SCHEDULE_H","8901234500080","",,""
"MED-RABEKIND-DSR","Rabekind-DSR","Rabeprazole 20mg + Domperidone 30mg SR","20mg + 30mg","CAPSULE","GASTROINTESTINAL","Strip of 10 Capsules",10,"Mankind Pharma Ltd",128.00,85.00,"30049099",12,"SCHEDULE_H","8901234500082","",,""
"MED-AUG-625","Augmentin 625 Duo","Amoxycillin 500mg + Potassium Clavulanate 125mg","500mg + 125mg","TABLET","ANTIBIOTIC","Strip of 10 Tablets",10,"GlaxoSmithKline Pharmaceuticals Ltd",204.50,145.00,"30041090",12,"SCHEDULE_H1","8901234500103","Amoxycillin and Potassium Clavulanate 625mg (PMBJP)",65.00,"68%"
"MED-CLAVAM-625","Clavam 625","Amoxycillin 500mg + Potassium Clavulanate 125mg","500mg + 125mg","TABLET","ANTIBIOTIC","Strip of 10 Tablets",10,"Alkem Laboratories Ltd",201.00,140.00,"30041090",12,"SCHEDULE_H1","8901234500104","",,""
"MED-MOXIKIND-625","Moxikind-CV 625","Amoxycillin 500mg + Potassium Clavulanate 125mg","500mg + 125mg","TABLET","ANTIBIOTIC","Strip of 10 Tablets",10,"Mankind Pharma Ltd",185.00,128.00,"30041090",12,"SCHEDULE_H1","8901234500105","",,""
"MED-AZITHRAL-500","Azithral 500","Azithromycin Dihydrate 500mg","500 mg","TABLET","ANTIBIOTIC","Strip of 5 Tablets",5,"Alembic Pharmaceuticals Ltd",119.50,82.00,"30042099",12,"SCHEDULE_H1","8901234500110","Azithromycin Tablets IP 500mg (PMBJP)",38.00,"68%"
"MED-AZEE-500","Azee 500","Azithromycin 500mg","500 mg","TABLET","ANTIBIOTIC","Strip of 5 Tablets",5,"Cipla Ltd",121.00,84.00,"30042099",12,"SCHEDULE_H1","8901234500111","",,""
"MED-TAXIMO-200","Taxim-O 200","Cefixime Trihydrate 200mg","200 mg","TABLET","ANTIBIOTIC","Strip of 10 Tablets",10,"Alkem Laboratories Ltd",108.00,72.00,"30042099",12,"SCHEDULE_H1","8901234500127","",,""
"MED-CIPLOX-500","Ciplox 500","Ciprofloxacin Hydrochloride 500mg","500 mg","TABLET","ANTIBIOTIC","Strip of 10 Tablets",10,"Cipla Ltd",42.00,28.00,"30042099",12,"SCHEDULE_H1","8901234500134","",,""
"MED-NORFLOX-TZ","Norflox-TZ","Norfloxacin 400mg + Tinidazole 600mg","400mg + 600mg","TABLET","ANTIBIOTIC","Strip of 10 Tablets",10,"Cipla Ltd",95.00,62.00,"30042099",12,"SCHEDULE_H1","8901234500135","",,""
"MED-ZENFLOX-OZ","Zenflox-OZ","Ofloxacin 200mg + Ornidazole 500mg","200mg + 500mg","TABLET","ANTIBIOTIC","Strip of 10 Tablets",10,"Mankind Pharma Ltd",122.00,80.00,"30042099",12,"SCHEDULE_H1","8901234500136","",,""
"MED-TELMA-40","Telma 40","Telmisartan 40mg","40 mg","TABLET","CARDIOVASCULAR","Strip of 30 Tablets",30,"Glenmark Pharmaceuticals Ltd",220.00,155.00,"30049099",12,"SCHEDULE_H","8901234500141","",,""
"MED-TELMA-H","Telma-H","Telmisartan 40mg + Hydrochlorothiazide 12.5mg","40mg + 12.5mg","TABLET","CARDIOVASCULAR","Strip of 30 Tablets",30,"Glenmark Pharmaceuticals Ltd",265.00,185.00,"30049099",12,"SCHEDULE_H","8901234500142","",,""
"MED-AMLONG-5","Amlong 5","Amlodipine Besylate 5mg","5 mg","TABLET","CARDIOVASCULAR","Strip of 15 Tablets",15,"Micro Labs Ltd",42.00,28.00,"30049099",12,"SCHEDULE_H","8901234500158","",,""
"MED-CILACAR-10","Cilacar 10","Cilnidipine 10mg","10 mg","TABLET","CARDIOVASCULAR","Strip of 15 Tablets",15,"J.B. Chemicals & Pharmaceuticals Ltd",145.00,98.00,"30049099",12,"SCHEDULE_H","8901234500159","",,""
"MED-ATORVA-10","Atorva 10","Atorvastatin Calcium 10mg","10 mg","TABLET","CARDIOVASCULAR","Strip of 15 Tablets",15,"Zydus Cadila Healthcare",98.00,65.00,"30049099",12,"SCHEDULE_H","8901234500165","",,""
"MED-ECOSPRIN-75","Ecosprin 75","Aspirin Gastro-Resistant 75mg","75 mg","TABLET","CARDIOVASCULAR","Strip of 14 Tablets",14,"USV Pvt Ltd",6.20,4.20,"30049099",12,"SCHEDULE_H","8901234500172","",,""
"MED-GLYCOMET-500","Glycomet 500 SR","Metformin Hydrochloride Prolonged-Release 500mg","500 mg","TABLET","ANTIDIABETIC","Strip of 20 Tablets",20,"USV Pvt Ltd",46.00,30.00,"30049099",12,"SCHEDULE_H","8901234500189","",,""
"MED-GLYCOMET-GP1","Glycomet-GP 1","Glimepiride 1mg + Metformin 500mg SR","1mg + 500mg","TABLET","ANTIDIABETIC","Strip of 15 Tablets",15,"USV Pvt Ltd",110.00,75.00,"30049099",12,"SCHEDULE_H","8901234500190","",,""
"MED-JANUMET-500","Janumet 50/500","Sitagliptin 50mg + Metformin 500mg","50mg + 500mg","TABLET","ANTIDIABETIC","Strip of 15 Tablets",15,"MSD Pharmaceuticals Pvt Ltd",380.00,275.00,"30049099",12,"SCHEDULE_H","8901234500196","",,""
"MED-THYRONORM-50","Thyronorm 50mcg","Thyroxine Sodium 50mcg","50 mcg","TABLET","ANTIDIABETIC","Bottle of 120 Tablets",120,"Abbott Healthcare Pvt Ltd",195.00,140.00,"30049099",12,"SCHEDULE_H","8901234500197","",,""
"MED-MONTAIR-LC","Montair-LC","Montelukast 10mg + Levocetirizine 5mg","10mg + 5mg","TABLET","RESPIRATORY","Strip of 15 Tablets",15,"Cipla Ltd",295.00,205.00,"30049099",12,"SCHEDULE_H","8901234500202","",,""
"MED-ALLEGRA-120","Allegra 120","Fexofenadine Hydrochloride 120mg","120 mg","TABLET","RESPIRATORY","Strip of 10 Tablets",10,"Sanofi India Ltd",195.00,135.00,"30049099",12,"SCHEDULE_H","8901234500219","",,""
"MED-BECOSULES","Becosules Capsules","Vitamin B-Complex with Vitamin C","Standard B-Complex + C","CAPSULE","VITAMINS_MINERALS","Strip of 20 Capsules",20,"Pfizer Ltd",52.00,36.00,"30045020",12,"OTC","8901234500226","",,""
"MED-NEUROBION","Neurobion Forte","Vitamin B1, B2, B3, B5, B6 & B12","Therapeutic B-Complex","TABLET","VITAMINS_MINERALS","Strip of 30 Tablets",30,"Procter & Gamble Health Ltd",41.50,28.00,"30045020",12,"OTC","8901234500227","",,""
"MED-SHELCAL-500","Shelcal 500","Calcium 500mg + Vitamin D3 250 IU","500mg + 250 IU","TABLET","VITAMINS_MINERALS","Strip of 15 Tablets",15,"Torrent Pharmaceuticals Ltd",135.00,92.00,"30045020",12,"OTC","8901234500233","",,""
"MED-EVION-400","Evion 400","Vitamin E 400mg (Tocopheryl Acetate)","400 mg","CAPSULE","VITAMINS_MINERALS","Strip of 10 Capsules",10,"Merck Specialities Pvt Ltd",36.50,24.00,"30045020",12,"OTC","8901234500240","",,""
"MED-MONOCEF-1G","Monocef 1g Injection","Ceftriaxone Sodium Sterile IP 1000mg","1000 mg / Vial","INJECTION","ANTIBIOTIC","1 Vial + 10ml WFI (Sterile Water for Injection)",1,"Aristo Pharmaceuticals Pvt Ltd",68.50,42.00,"30042099",12,"SCHEDULE_H1","8901234500270","Ceftriaxone Sodium Injection IP 1000mg (PMBJP)",24.00,"65%"
"MED-MONOCEF-SB15","Monocef-SB 1.5g Injection","Ceftriaxone 1000mg + Sulbactam 500mg","1.5 g / Vial","INJECTION","ANTIBIOTIC","1 Vial with Sterile Water",1,"Aristo Pharmaceuticals Pvt Ltd",155.00,105.00,"30042099",12,"SCHEDULE_H1","8901234500271","",,""
"MED-PIPZO-45","Pipzo 4.5g Injection","Piperacillin 4000mg + Tazobactam 500mg","4.5 g / Vial","INJECTION","ANTIBIOTIC","1 Glass Vial with Solvent",1,"Cipla Ltd",460.00,320.00,"30042099",12,"SCHEDULE_H1","8901234500272","",,""
"MED-DYNAPAR-AQ","Dynapar AQ Injection","Diclofenac Sodium 75mg / 1ml","75 mg / ml","INJECTION","ANALGESIC","1ml Ampoule",1,"Troikaa Pharmaceuticals Ltd",29.50,18.00,"30049060",12,"SCHEDULE_H","8901234500273","",,""
"MED-TRAMAZAC-INJ","Tramazac 50mg Injection","Tramadol Hydrochloride 50mg/ml","50 mg / ml","INJECTION","ANALGESIC","1ml Ampoule",1,"Zydus Cadila Healthcare",24.00,15.00,"30049060",12,"SCHEDULE_H1","8901234500274","",,""
"MED-EMESET-INJ","Emeset 4mg/2ml Injection","Ondansetron Hydrochloride 2mg/ml","4 mg / 2ml","INJECTION","GASTROINTESTINAL","2ml Ampoule",1,"Cipla Ltd",14.50,8.50,"30049099",12,"SCHEDULE_H","8901234500275","",,""
"MED-PANTOP-IV","Pantop 40mg IV Injection","Pantoprazole Sodium for Injection 40mg","40 mg / Vial","INJECTION","GASTROINTESTINAL","1 Glass Vial with 10ml NaCl WFI",1,"Aristo Pharmaceuticals Pvt Ltd",54.00,32.00,"30049099",12,"SCHEDULE_H","8901234500276","",,""
"MED-IV-NS-500","Normal Saline (NS 0.9%) 500ml","Sodium Chloride IV Infusion 0.9% w/v","0.9% w/v","IV_FLUID","IV_EMERGENCY","Plastic Bottle of 500ml",1,"Fresenius Kabi India Pvt Ltd",48.00,28.00,"30049080",12,"GENERAL","8901234500285","",,""
"MED-IV-DNS-500","Dextrose Normal Saline (DNS) 500ml","Sodium Chloride 0.9% + Dextrose 5% IV Infusion","0.9% + 5%","IV_FLUID","IV_EMERGENCY","Bottle of 500ml",1,"Fresenius Kabi India Pvt Ltd",52.00,30.00,"30049080",12,"GENERAL","8901234500286","",,""
"MED-PACIMOL-IV","Pacimol IV Infusion 100ml","Paracetamol IV Infusion 1000mg/100ml","1000mg / 100ml","IV_FLUID","ANALGESIC","100ml Glass Bottle",1,"Ipca Laboratories Ltd",125.00,65.00,"30049060",12,"SCHEDULE_H","8901234500289","",,""
"MED-CIPLOX-ED","Ciplox Eye Drops 10ml","Ciprofloxacin Ophthalmic Solution 0.3% w/v","0.3% w/v","DROPS","ANTIBIOTIC","Vial of 10ml with Dropper",1,"Cipla Ltd",19.50,12.00,"30042099",12,"SCHEDULE_H1","8901234500301","",,""
"MED-MOXICIP-ED","Moxicip Eye Drops 5ml","Moxifloxacin Ophthalmic Solution 0.5% w/v","0.5% w/v","DROPS","ANTIBIOTIC","Dropper Bottle of 5ml",1,"Cipla Ltd",148.00,95.00,"30042099",12,"SCHEDULE_H1","8901234500302","",,""
"MED-REFRESH-TEARS","Refresh Tears Eye Drops 10ml","Carboxymethylcellulose Sodium 0.5% w/v Lubricant","0.5% w/v","DROPS","DERMATOLOGICAL","Bottle of 10ml",1,"Allergan India Pvt Ltd",168.00,115.00,"30049099",12,"OTC","8901234500303","",,""
"MED-CANDIBIOTIC","Candibiotic Ear Drops 5ml","Clotrimazole 1% + Beclomethasone 0.025% + Chloramphenicol 5% + Lignocaine 2%","5 ml","DROPS","ANTIBIOTIC","Vial of 5ml with Dropper",1,"Glenmark Pharmaceuticals Ltd",98.00,65.00,"30042099",12,"SCHEDULE_H","8901234500304","",,""
"MED-WAXOLVE","Waxolve Ear Drops 10ml","Benzocaine + Chlorbutol + Paradichlorobenzene + Turpentine Oil","10 ml","DROPS","ANALGESIC","Bottle of 10ml",1,"Wallace Pharmaceuticals Ltd",82.00,54.00,"30049099",12,"OTC","8901234500305","",,""
"MED-OTRIVIN-AD","Otrivin Adult Nasal Spray 10ml","Xylometazoline Hydrochloride 0.1% w/v","0.1% w/v","DROPS","RESPIRATORY","Spray Bottle of 10ml",1,"GlaxoSmithKline Consumer Healthcare",110.00,75.00,"30049099",12,"OTC","8901234500306","Xylometazoline Nasal Drops 0.1% 10ml (PMBJP)",24.00,"78%"
"MED-NASIVION-BABY","Nasivion Baby Nasal Drops 10ml","Oxymetazoline Hydrochloride 0.01% w/v","0.01% w/v","DROPS","RESPIRATORY","Dropper Bottle of 10ml",1,"Procter & Gamble Health Ltd",84.00,56.00,"30049099",12,"OTC","8901234500307","",,""
"MED-T98-DROPS","T-98 Pediatric Drops 15ml","Paracetamol Oral Drops 100mg/ml","100 mg / ml","DROPS","ANALGESIC","15ml Bottle with Calibrated Dropper",1,"Mankind Pharma Ltd",36.00,22.00,"30049060",12,"OTC","8901234500308","",,""
"MED-COLICAID","Colicaid Pediatric Drops 15ml","Simethicone 40mg + Dill Oil 0.005ml + Fennel Oil 0.0007ml","15 ml","DROPS","GASTROINTESTINAL","15ml Bottle with Dropper",1,"Meyer Organics Pvt Ltd",75.00,50.00,"30049099",12,"OTC","8901234500309","",,""
"MED-ASCORIL-LS","Ascoril-LS Syrup 100ml","Levosalbutamol 1mg + Ambroxol 30mg + Guaiphenesin 50mg / 5ml","100 ml","SYRUP","RESPIRATORY","Pet Bottle of 100ml with Measuring Cap",1,"Glenmark Pharmaceuticals Ltd",128.00,85.00,"30049099",12,"SCHEDULE_H","8901234500401","",,""
"MED-BENADRYL","Benadryl Cough Syrup 100ml","Diphenhydramine HCl 14.08mg + Ammonium Chloride 138mg / 5ml","100 ml","SYRUP","RESPIRATORY","Bottle of 100ml",1,"Johnson & Johnson Consumer Ltd",135.00,92.00,"30049099",12,"OTC","8901234500402","",,""
"MED-GRILINCTUS","Grilinctus Syrup 100ml","Dextromethorphan 5mg + Chlorpheniramine 2.5mg + Guaiphenesin 50mg / 5ml","100 ml","SYRUP","RESPIRATORY","Bottle of 100ml",1,"Franco-Indian Pharmaceuticals Pvt Ltd",125.00,84.00,"30049099",12,"SCHEDULE_H","8901234500403","",,""
"MED-AUG-DRY-SYR","Augmentin Duo Dry Syrup 30ml","Amoxycillin 200mg + Clavulanic Acid 28.5mg / 5ml","30 ml reconstituted","SYRUP","ANTIBIOTIC","Glass Bottle + Sterile Water for Reconstitution",1,"GlaxoSmithKline Pharmaceuticals Ltd",75.00,50.00,"30041090",12,"SCHEDULE_H1","8901234500404","",,""
"MED-TAXIMO-SYR","Taxim-O Dry Syrup 30ml","Cefixime Oral Suspension IP 50mg/5ml","30 ml","SYRUP","ANTIBIOTIC","Bottle with Sterile Water",1,"Alkem Laboratories Ltd",58.00,38.00,"30042099",12,"SCHEDULE_H1","8901234500405","",,""
"MED-DIGENE-GEL","Digene Gel Mint 200ml","Magnesium Hydroxide + Aluminium Hydroxide + Simethicone Antacid","200 ml","SYRUP","GASTROINTESTINAL","Bottle of 200ml",1,"Abbott Healthcare Pvt Ltd",145.00,105.00,"30049099",12,"OTC","8901234500406","",,""
"MED-CREMAFFIN-P","Cremaffin Plus Syrup 225ml","Liquid Paraffin 3.75ml + Milk of Magnesia 11.25ml + Sodium Picosulfate 3.33mg","225 ml","SYRUP","GASTROINTESTINAL","Bottle of 225ml",1,"Abbott Healthcare Pvt Ltd",285.00,198.00,"30049099",12,"OTC","8901234500407","",,""
"MED-DUPHALAC","Duphalac Syrup 150ml","Lactulose Oral Solution USP 10g/15ml","150 ml","SYRUP","GASTROINTESTINAL","Bottle of 150ml with Dosing Cup",1,"Abbott Healthcare Pvt Ltd",320.00,220.00,"30049099",12,"OTC","8901234500408","",,""
"MED-BETADINE-10","Betadine 10% Solution 100ml","Povidone-Iodine Solution IP 10% w/v Antiseptic","10% w/v","OINTMENT","DERMATOLOGICAL","Bottle of 100ml",1,"Win-Medicare Pvt Ltd",145.00,98.00,"30049099",12,"OTC","8901234500501","",,""
"MED-BETADINE-5G","Betadine 5% Ointment 20g","Povidone-Iodine Ointment IP 5% w/w","5% w/w","OINTMENT","DERMATOLOGICAL","Aluminium Tube of 20g",1,"Win-Medicare Pvt Ltd",65.00,42.00,"30049099",12,"OTC","8901234500502","",,""
"MED-SOFRAMYCIN","Soframycin Skin Cream 30g","Framycetin Sulphate Cream IP 1% w/w","1% w/w","OINTMENT","DERMATOLOGICAL","Tube of 30g",1,"Sanofi India Ltd",62.00,41.00,"30042099",12,"OTC","8901234500503","",,""
"MED-CANDID-B","Candid-B Cream 20g","Clotrimazole 1% w/w + Beclomethasone Dipropionate 0.025% w/w","20 g","OINTMENT","DERMATOLOGICAL","Tube of 20g",1,"Glenmark Pharmaceuticals Ltd",140.00,94.00,"30049099",12,"SCHEDULE_H","8901234500504","",,""
"MED-VOLINI-GEL","Volini Pain Relief Gel 30g","Diclofenac Diethylamine 1.16% + Linseed Oil + Methyl Salicylate + Menthol","30 g","OINTMENT","ANALGESIC","Tube of 30g",1,"Sun Pharmaceutical Industries Ltd",110.00,75.00,"30049060",12,"OTC","8901234500505","",,""
"MED-ASTHALIN-INH","Asthalin Inhaler (200 MDI)","Salbutamol Inhalation Aerosol IP 100mcg/puff","100 mcg / actuation","INHALER","RESPIRATORY","Canister of 200 Metered Doses with Actuator",1,"Cipla Ltd",168.00,118.00,"30049099",12,"SCHEDULE_H","8901234500506","",,""
"MED-FORACORT-200","Foracort 200 Inhaler (120 MDI)","Budesonide 200mcg + Formoterol Fumarate 6mcg","200mcg + 6mcg","INHALER","RESPIRATORY","Canister of 120 Doses",1,"Cipla Ltd",410.00,295.00,"30049099",12,"SCHEDULE_H","8901234500507","",,""
"MED-BUDECORT-RESP","Budecort 0.5mg Respules (5x2ml)","Budesonide Nebuliser Suspension BP 0.5mg/2ml","0.5 mg / 2ml","INHALER","RESPIRATORY","Pack of 5 Respules (2ml each)",5,"Cipla Ltd",155.00,108.00,"30049099",12,"SCHEDULE_H","8901234500508","",,""
"MED-DUOLIN-RESP","Duolin Respules (5x2.5ml)","Levosalbutamol 1.25mg + Ipratropium Bromide 500mcg","1.25mg + 500mcg","INHALER","RESPIRATORY","Pack of 5 Respules (2.5ml each)",5,"Cipla Ltd",165.00,115.00,"30049099",12,"SCHEDULE_H","8901234500509","",,""