INVOICE NO: INV-MMS-2026-94812,DATE: 2026-09-06,GSTIN: 27AABCM8942F1Z8,DISTRIBUTOR: Mahaveer Medi-Sales & Distributors Pvt Ltd
DL NO: 20B/MH-TZ-39201, 21B/MH-TZ-39202,PAN: AABCM8942F,FSSAI: 11521001000492,ADDRESS: Gala No. 12-14, Ground Floor, Pharma Bhavan, Princess Street, Mumbai - 400002
BUYER: Apex Lifecare Hospital & Research Pharmacy,BUYER GSTIN: 27AABCA1234F1Z5,BUYER DL NO: 20/21B-MH-NV-88412,ADDRESS: Plot 88, Sector 15, Vashi, Navi Mumbai - 400703
PAYMENT TERMS: 15 DAYS NET,DUE DATE: 2026-09-21
S.No,ITEM_DESCRIPTION,PACK,HSN_CODE,MFR,BATCH_NO,EXPIRY_DATE,BILLED_QTY,FREE_QTY,PTR_RATE,MRP,DISCOUNT_PERCENT,TAXABLE_AMOUNT,GST_RATE,CGST_AMOUNT,SGST_AMOUNT,NET_AMOUNT
1,Augmentin 625 Duo Tab 10s,10x10,30041010,GSK,BTH-AUG-8491,2028-08-31,40,4,142.50,201.20,0,5700.00,12,342.00,342.00,6384.00
2,Dolo 650 Tablets 15s,1x15,30049060,Micro Labs,BTH-DL-39201,2028-04-30,60,6,22.20,34.34,0,1332.00,12,79.92,79.92,1491.84
3,Pan-D Capsules 15s,1x15,30049099,Alkem,BTH-PND-9812,2027-11-30,30,3,130.00,199.00,0,3900.00,12,234.00,234.00,4368.00
4,Monocef 1g Injection Vial,1 Vial,30042095,Aristo,BTH-MNC-4421,2027-06-30,50,5,42.00,68.50,0,2100.00,12,126.00,126.00,2352.00
5,Telma 40 Tablets 15s,1x15,30049099,Glenmark,BTH-TLM-1029,2028-03-31,30,0,154.00,220.00,0,4620.00,12,277.20,277.20,5174.40
6,Azithral 500 Tablets 5s,1x5,30042099,Alembic,BTH-AZT-7721,2027-10-31,25,2,85.00,120.00,0,2125.00,12,127.50,127.50,2380.00
7,Montair-LC Tablets 10s,1x10,30049099,Cipla,BTH-MLC-6502,2028-01-31,35,3,172.00,245.00,0,6020.00,12,361.20,361.20,6742.40
8,Refresh Tears 0.5% Eye Drops,10ml,30049099,Allergan,BTH-RFT-1182,2027-09-30,15,2,110.00,158.00,0,1650.00,12,99.00,99.00,1848.00
# GST SUMMARY: HSN 3004 | TAXABLE: 27447.00 | CGST 6%: 1646.82 | SGST 6%: 1646.82 | TOTAL TAX: 3293.64
# TOTAL BILLED QTY: 285 | TOTAL FREE QTY: 25 | TOTAL UNITS RECEIVED: 310 | NET INVOICE AMOUNT: 30740.64
# BANK: HDFC Bank Ltd | A/C NO: 50200084920194 | IFSC: HDFC0000128 | BRANCH: Princess Street, Mumbai
# STATUTORY: 1. We hereby certify that drugs specified in this invoice do not contravene section 18 of Drugs & Cosmetics Act 1940. 2. Subject to Mumbai Jurisdiction.
